DATAH,Record,Date,Time,INPUT2,CHK
DATA,14,2/23/22,11:00:00 AM,2799.1,24
DATA,15,2/23/22,11:01:00 AM,2794.2,25
DATA,16,2/23/22,11:02:00 AM,2796.4,34
DATA,17,2/23/22,11:03:00 AM,2798.5,33
DATA,18,2/23/22,11:04:00 AM,2795.3,33
DATA,19,2/23/22,11:05:00 AM,2796.2,38
DATA,20,2/23/22,11:06:00 AM,2797.4,27
DATA,21,2/23/22,11:07:00 AM,2795.7,33
DATA,22,2/23/22,11:08:00 AM,2797.1,34
DATA,23,2/23/22,11:09:00 AM,2798.9,48
DATA,24,2/23/22,11:10:00 AM,2796.2,26
DATA,25,2/23/22,11:11:00 AM,2797.7,37
DATA,26,2/23/22,11:12:00 AM,2797.1,36
DATA,27,2/23/22,11:13:00 AM,2796.8,38
DATA,28,2/23/22,11:14:00 AM,2793.2,33
DATA,29,2/23/22,11:15:00 AM,2793.1,37
DATA,30,2/23/22,11:16:00 AM,2793,32
DATA,31,2/23/22,11:17:00 AM,2794.7,36
DATA,32,2/23/22,11:18:00 AM,2792.6,38
DATA,33,2/23/22,11:19:00 AM,2794.3,42
DATA,34,2/23/22,11:20:00 AM,2795,18
DATA,35,2/23/22,11:21:00 AM,2793.9,30
DATA,36,2/23/22,11:22:00 AM,2795,27
DATA,37,2/23/22,11:23:00 AM,2792.8,37
DATA,38,2/23/22,11:24:00 AM,2793.2,28
DATA,39,2/23/22,11:25:00 AM,2795.2,35
DATA,40,2/23/22,11:26:00 AM,2796.2,32
DATA,41,2/23/22,11:27:00 AM,2794.7,31
DATA,42,2/23/22,11:28:00 AM,2793.3,31
DATA,43,2/23/22,11:29:00 AM,2793,33
DATA,44,2/23/22,11:30:00 AM,2794.3,32
DATA,45,2/23/22,11:31:00 AM,2794.8,33
DATA,46,2/23/22,11:32:00 AM,2794.9,39
DATA,47,2/23/22,11:33:00 AM,2792.7,40
DATA,48,2/23/22,11:34:00 AM,2793.2,32
DATA,49,2/23/22,11:35:00 AM,2790.8,40
DATA,50,2/23/22,11:36:00 AM,2794.6,38
DATA,51,2/23/22,11:37:00 AM,2795.4,33
DATA,52,2/23/22,11:38:00 AM,2794.5,37
DATA,53,2/23/22,11:39:00 AM,2793.5,41
DATA,54,2/23/22,11:40:00 AM,2794.3,36
DATA,55,2/23/22,11:41:00 AM,2794.3,32
DATA,56,2/23/22,11:42:00 AM,2791.9,40
DATA,57,2/23/22,11:43:00 AM,2790.2,37
DATA,58,2/23/22,11:44:00 AM,2793.6,40
DATA,59,2/23/22,11:45:00 AM,2792.2,40
DATA,60,2/23/22,11:46:00 AM,2792.8,41
DATA,61,2/23/22,11:47:00 AM,2791.3,40
DATA,62,2/23/22,11:48:00 AM,2789.6,46
DATA,63,2/23/22,11:49:00 AM,2788,44
DATA,64,2/23/22,11:50:00 AM,2791.1,35
DATA,65,2/23/22,11:51:00 AM,2793.6,38
DATA,66,2/23/22,11:52:00 AM,2791.6,41
DATA,67,2/23/22,11:53:00 AM,2790.5,44
DATA,68,2/23/22,11:54:00 AM,2790.7,50
DATA,69,2/23/22,11:55:00 AM,2791.9,40
DATA,70,2/23/22,11:56:00 AM,2789,34
DATA,71,2/23/22,11:57:00 AM,2794.2,37
DATA,72,2/23/22,11:58:00 AM,2791.5,33
DATA,73,2/23/22,11:59:00 AM,2793.3,38
DATA,74,2/23/22,12:00:00 PM,2793.5,31
DATA,75,2/23/22,12:01:00 PM,2792.8,38
DATA,76,2/23/22,12:02:00 PM,2793.8,35
DATA,77,2/23/22,12:03:00 PM,2791.9,38
DATA,78,2/23/22,12:04:00 PM,2793.7,43
DATA,79,2/23/22,12:05:00 PM,2795,34
DATA,80,2/23/22,12:06:00 PM,2792.3,30
DATA,81,2/23/22,12:07:00 PM,2790.4,34
DATA,82,2/23/22,12:08:00 PM,2791.7,43
DATA,83,2/23/22,12:09:00 PM,2796,37
DATA,84,2/23/22,12:10:00 PM,2793,30
DATA,85,2/23/22,12:11:00 PM,2792.8,41
DATA,86,2/23/22,12:12:00 PM,2791.7,35
DATA,87,2/23/22,12:13:00 PM,2793.9,44
DATA,88,2/23/22,12:14:00 PM,2795.7,49
DATA,89,2/23/22,12:15:00 PM,2793.1,46
DATA,90,2/23/22,12:16:00 PM,2794.2,48
DATA,91,2/23/22,12:17:00 PM,2792.9,58
DATA,92,2/23/22,12:18:00 PM,2792.1,54
DATA,93,2/23/22,12:19:00 PM,2793.7,57
DATA,94,2/23/22,12:20:00 PM,2793.1,56
DATA,95,2/23/22,12:21:00 PM,2795,53
DATA,96,2/23/22,12:22:00 PM,2795.3,61
DATA,97,2/23/22,12:23:00 PM,2794.2,55
DATA,98,2/23/22,12:24:00 PM,2793.9,66
DATA,99,2/23/22,12:25:00 PM,2793.5,67
DATA,100,2/23/22,12:26:00 PM,2795,42
DATA,101,2/23/22,12:27:00 PM,2796,47
DATA,102,2/23/22,12:28:00 PM,2793.4,53
DATA,103,2/23/22,12:29:00 PM,2793.7,61
DATA,104,2/23/22,12:30:00 PM,2794.7,49
DATA,105,2/23/22,12:31:00 PM,2792.5,41
DATA,106,2/23/22,12:32:00 PM,2793,42
DATA,107,2/23/22,12:33:00 PM,2795.6,46
DATA,108,2/23/22,12:34:00 PM,2796.3,49
DATA,109,2/23/22,12:35:00 PM,2795.6,55
DATA,110,2/23/22,12:36:00 PM,2796.6,52
DATA,111,2/23/22,12:37:00 PM,2794.6,46
DATA,112,2/23/22,12:38:00 PM,2795.9,55
DATA,113,2/23/22,12:39:00 PM,2795.5,56
DATA,114,2/23/22,12:40:00 PM,2796.7,55
DATA,115,2/23/22,12:41:00 PM,2796.4,48
DATA,116,2/23/22,12:42:00 PM,2796.1,50
DATA,117,2/23/22,12:43:00 PM,2793,50
DATA,118,2/23/22,12:44:00 PM,2793.3,49
DATA,119,2/23/22,12:45:00 PM,2797.3,58
DATA,120,2/23/22,12:46:00 PM,2792.2,48
DATA,121,2/23/22,12:47:00 PM,2797.6,53
DATA,122,2/23/22,12:48:00 PM,2797.4,56
DATA,123,2/23/22,12:49:00 PM,2798.3,61
DATA,124,2/23/22,12:50:00 PM,2797.2,55
DATA,125,2/23/22,12:51:00 PM,2797.6,54
DATA,126,2/23/22,12:52:00 PM,2797.6,59
DATA,127,2/23/22,12:53:00 PM,2797.7,65
DATA,128,2/23/22,12:54:00 PM,2793.7,57
DATA,129,2/23/22,12:55:00 PM,2797,59
DATA,130,2/23/22,12:56:00 PM,2797.8,63
DATA,131,2/23/22,12:57:00 PM,2799,53
DATA,132,2/23/22,12:58:00 PM,2795.5,59
DATA,133,2/23/22,12:59:00 PM,2800.2,47
DATA,134,2/23/22,1:00:00 PM,2795.6,69
DATA,135,2/23/22,1:01:00 PM,2797.9,56
DATA,136,2/23/22,1:02:00 PM,2797.1,53
DATA,137,2/23/22,1:03:00 PM,2799,59
DATA,138,2/23/22,1:04:00 PM,2798.8,53
DATA,139,2/23/22,1:05:00 PM,2799,51
DATA,140,2/23/22,1:06:00 PM,2800.2,32
DATA,141,2/23/22,1:07:00 PM,2798.6,56
DATA,142,2/23/22,1:08:00 PM,2797,45
DATA,143,2/23/22,1:09:00 PM,2799.5,57
DATA,144,2/23/22,1:10:00 PM,2799.9,66
DATA,145,2/23/22,1:11:00 PM,2800.8,35
DATA,146,2/23/22,1:12:00 PM,2798.7,55
DATA,147,2/23/22,1:13:00 PM,2797.9,61
DATA,148,2/23/22,1:14:00 PM,2800.6,48
DATA,149,2/23/22,1:15:00 PM,2797.9,61
DATA,150,2/23/22,1:16:00 PM,2801.7,41
DATA,151,2/23/22,1:17:00 PM,2798.6,60
DATA,152,2/23/22,1:18:00 PM,2797,49
DATA,153,2/23/22,1:19:00 PM,2797.8,62
DATA,154,2/23/22,1:20:00 PM,2798.1,61
DATA,155,2/23/22,1:21:00 PM,2800,40
DATA,156,2/23/22,1:22:00 PM,2799.7,60
DATA,157,2/23/22,1:23:00 PM,2798.9,65
DATA,158,2/23/22,1:24:00 PM,2797.9,69
DATA,159,2/23/22,1:25:00 PM,2801.5,47
DATA,160,2/23/22,1:26:00 PM,2802.7,46
DATA,161,2/23/22,1:27:00 PM,2800.7,49
DATA,162,2/23/22,1:28:00 PM,2801.4,52
DATA,163,2/23/22,1:29:00 PM,2799.3,63
DATA,164,2/23/22,1:30:00 PM,2800.7,55
DATA,165,2/23/22,1:31:00 PM,2800.7,50
DATA,166,2/23/22,1:32:00 PM,2802,41
DATA,167,2/23/22,1:33:00 PM,2801.8,53
DATA,168,2/23/22,1:34:00 PM,2800.5,54
DATA,169,2/23/22,1:35:00 PM,2801.7,62
DATA,170,2/23/22,1:36:00 PM,2801.9,51
DATA,171,2/23/22,1:37:00 PM,2802.9,57
DATA,172,2/23/22,1:38:00 PM,2801.1,53
DATA,173,2/23/22,1:39:00 PM,2799.9,64
DATA,174,2/23/22,1:40:00 PM,2803.5,50
DATA,175,2/23/22,1:41:00 PM,2802.4,44
DATA,176,2/23/22,1:42:00 PM,2802.6,51
DATA,177,2/23/22,1:43:00 PM,2802.9,50
DATA,178,2/23/22,1:44:00 PM,2804.2,50
DATA,179,2/23/22,1:45:00 PM,2800.8,57
DATA,180,2/23/22,1:46:00 PM,2800.4,40
DATA,181,2/23/22,1:47:00 PM,2801,40
DATA,182,2/23/22,1:48:00 PM,2803.1,48
DATA,183,2/23/22,1:49:00 PM,2805.7,61
DATA,184,2/23/22,1:50:00 PM,2803.9,57
DATA,185,2/23/22,1:51:00 PM,2802.2,45
DATA,186,2/23/22,1:52:00 PM,2800.8,54
DATA,187,2/23/22,1:53:00 PM,2803.1,46
DATA,188,2/23/22,1:54:00 PM,2802.2,51
DATA,189,2/23/22,1:55:00 PM,2802.5,58
DATA,190,2/23/22,1:56:00 PM,2802.2,51
DATA,191,2/23/22,1:57:00 PM,2804.1,48
DATA,192,2/23/22,1:58:00 PM,2803.4,55
DATA,193,2/23/22,1:59:00 PM,2803.3,59
DATA,194,2/23/22,2:00:00 PM,2802.9,60
DATA,195,2/23/22,2:01:00 PM,2796.7,61
DATA,196,2/23/22,2:02:00 PM,2802.5,52
DATA,197,2/23/22,2:03:00 PM,2802.4,55
DATA,198,2/23/22,2:04:00 PM,2799.9,71
DATA,199,2/23/22,2:05:00 PM,2800.1,51
DATA,200,2/23/22,2:06:00 PM,2803.3,43
DATA,201,2/23/22,2:07:00 PM,2803.5,41
DATA,202,2/23/22,2:08:00 PM,2803.5,46
DATA,203,2/23/22,2:09:00 PM,2803.9,55
DATA,204,2/23/22,2:10:00 PM,2803.8,50
DATA,205,2/23/22,2:11:00 PM,2803.5,43
DATA,206,2/23/22,2:12:00 PM,2805.9,53
DATA,207,2/23/22,2:13:00 PM,2805.4,53
DATA,208,2/23/22,2:14:00 PM,2803.3,37
DATA,209,2/23/22,2:15:00 PM,2803.2,41
DATA,210,2/23/22,2:16:00 PM,2805.6,43
DATA,211,2/23/22,2:17:00 PM,2804.7,39
DATA,212,2/23/22,2:18:00 PM,2805.4,42
DATA,213,2/23/22,2:19:00 PM,2805.3,46
DATA,214,2/23/22,2:20:00 PM,2804.5,51
DATA,215,2/23/22,2:21:00 PM,2800.8,37
DATA,216,2/23/22,2:22:00 PM,2805.6,45
DATA,217,2/23/22,2:23:00 PM,2803.6,48
DATA,218,2/23/22,2:24:00 PM,2806,41
DATA,219,2/23/22,2:25:00 PM,2804.2,46
DATA,220,2/23/22,2:26:00 PM,2806,42
DATA,221,2/23/22,2:27:00 PM,2803,44
DATA,222,2/23/22,2:28:00 PM,2805.3,44
DATA,223,2/23/22,2:29:00 PM,2805.4,50
DATA,224,2/23/22,2:30:00 PM,2806.1,53
DATA,225,2/23/22,2:31:00 PM,2806.9,48
DATA,226,2/23/22,2:32:00 PM,2803.9,50
DATA,227,2/23/22,2:33:00 PM,2800,43
DATA,228,2/23/22,2:34:00 PM,2804.5,57
DATA,229,2/23/22,2:35:00 PM,2804.1,49
DATA,230,2/23/22,2:36:00 PM,2804.9,52
DATA,231,2/23/22,2:37:00 PM,2803.7,54
DATA,232,2/23/22,2:38:00 PM,2805.1,46
DATA,233,2/23/22,2:39:00 PM,2806.1,52
DATA,234,2/23/22,2:40:00 PM,2807.5,62
DATA,235,2/23/22,2:41:00 PM,2804.3,53
DATA,236,2/23/22,2:42:00 PM,2806.2,50
DATA,237,2/23/22,2:43:00 PM,2803.6,56
DATA,238,2/23/22,2:44:00 PM,2808.4,63
DATA,239,2/23/22,2:45:00 PM,2807.6,60
DATA,240,2/23/22,2:46:00 PM,2803.1,47
DATA,241,2/23/22,2:47:00 PM,2806,54
DATA,242,2/23/22,2:48:00 PM,2807,60
DATA,243,2/23/22,2:49:00 PM,2804.6,50
DATA,244,2/23/22,2:50:00 PM,2805.1,51
DATA,245,2/23/22,2:51:00 PM,2806.2,49
DATA,246,2/23/22,2:52:00 PM,2805.3,44
DATA,247,2/23/22,2:53:00 PM,2807,48
DATA,248,2/23/22,2:54:00 PM,2807.9,62
DATA,249,2/23/22,2:55:00 PM,2806.8,65
DATA,250,2/23/22,2:56:00 PM,2808.4,50
DATA,251,2/23/22,2:57:00 PM,2807,50
DATA,252,2/23/22,2:58:00 PM,2806.8,62
DATA,253,2/23/22,2:59:00 PM,2806.6,56
DATA,254,2/23/22,3:00:00 PM,2807.5,60
DATA,255,2/23/22,3:01:00 PM,2805.8,52
DATA,256,2/23/22,3:02:00 PM,2808.7,59
DATA,257,2/23/22,3:03:00 PM,2807.7,54
DATA,258,2/23/22,3:04:00 PM,2809.4,58
DATA,259,2/23/22,3:05:00 PM,2808.1,59
DATA,260,2/23/22,3:06:00 PM,2807,44
DATA,261,2/23/22,3:07:00 PM,2804.3,49
DATA,262,2/23/22,3:08:00 PM,2807.6,59
DATA,263,2/23/22,3:09:00 PM,2809.7,67
DATA,264,2/23/22,3:10:00 PM,2808.6,61
DATA,265,2/23/22,3:11:00 PM,2808.2,53
DATA,266,2/23/22,3:12:00 PM,2808.3,59
DATA,267,2/23/22,3:13:00 PM,2808.3,55
DATA,268,2/23/22,3:14:00 PM,2809.6,64
DATA,269,2/23/22,3:15:00 PM,2808.7,69
DATA,270,2/23/22,3:16:00 PM,2810.1,51
DATA,271,2/23/22,3:17:00 PM,2808.9,62
DATA,272,2/23/22,3:18:00 PM,2810.4,54
DATA,273,2/23/22,3:19:00 PM,2808.2,64
DATA,274,2/23/22,3:20:00 PM,2810.7,58
DATA,275,2/23/22,3:21:00 PM,2808.8,62
DATA,276,2/23/22,3:22:00 PM,2811.2,55
DATA,277,2/23/22,3:23:00 PM,2809.4,51
DATA,278,2/23/22,3:24:00 PM,2810.9,52
DATA,279,2/23/22,3:25:00 PM,2810.8,56
DATA,280,2/23/22,3:26:00 PM,2811.2,47
DATA,281,2/23/22,3:27:00 PM,2811.5,46
DATA,282,2/23/22,3:28:00 PM,2809.9,62
DATA,283,2/23/22,3:29:00 PM,2810.6,56
DATA,284,2/23/22,3:30:00 PM,2809.7,61
DATA,285,2/23/22,3:31:00 PM,2811.3,46
DATA,286,2/23/22,3:32:00 PM,2810.8,54
DATA,287,2/23/22,3:33:00 PM,2808.3,61
DATA,288,2/23/22,3:34:00 PM,2808.5,59
DATA,289,2/23/22,3:35:00 PM,2811,53
DATA,290,2/23/22,3:36:00 PM,2809.5,61
DATA,291,2/23/22,3:37:00 PM,2808.1,52
DATA,292,2/23/22,3:38:00 PM,2810.6,55
DATA,293,2/23/22,3:39:00 PM,2811.4,59
DATA,294,2/23/22,3:40:00 PM,2810.6,64
DATA,295,2/23/22,3:41:00 PM,2809.5,58
DATA,296,2/23/22,3:42:00 PM,2809.2,60
DATA,297,2/23/22,3:43:00 PM,2810.3,58
DATA,298,2/23/22,3:44:00 PM,2810.5,56
DATA,299,2/23/22,3:45:00 PM,2813.2,61
DATA,300,2/23/22,3:46:00 PM,2811.4,48
DATA,301,2/23/22,3:47:00 PM,2812,50
DATA,302,2/23/22,3:48:00 PM,2812.1,47
DATA,303,2/23/22,3:49:00 PM,2810.6,54
DATA,304,2/23/22,3:50:00 PM,2810,53
DATA,305,2/23/22,3:51:00 PM,2812.6,48
DATA,306,2/23/22,3:52:00 PM,2812.7,54
DATA,307,2/23/22,3:53:00 PM,2812.8,60
DATA,308,2/23/22,3:54:00 PM,2811.9,65
DATA,309,2/23/22,3:55:00 PM,2811.3,55
DATA,310,2/23/22,3:56:00 PM,2813,50
DATA,311,2/23/22,3:57:00 PM,2811.4,56
DATA,312,2/23/22,3:58:00 PM,2812.8,48
DATA,313,2/23/22,3:59:00 PM,2813.1,47
DATA,314,2/23/22,4:00:00 PM,2813,51
DATA,315,2/23/22,4:01:00 PM,2811.2,42
DATA,316,2/23/22,4:02:00 PM,2813.4,42
DATA,317,2/23/22,4:03:00 PM,2813.1,44
DATA,318,2/23/22,4:04:00 PM,2812.6,53
DATA,319,2/23/22,4:05:00 PM,2813.5,48
DATA,320,2/23/22,4:06:00 PM,2813.9,48
DATA,321,2/23/22,4:07:00 PM,2813.6,50
DATA,322,2/23/22,4:08:00 PM,2812.9,57
DATA,323,2/23/22,4:09:00 PM,2815.1,48
DATA,324,2/23/22,4:10:00 PM,2815.4,56
DATA,325,2/23/22,4:11:00 PM,2812.4,49
DATA,326,2/23/22,4:12:00 PM,2815.1,45
DATA,327,2/23/22,4:13:00 PM,2815.2,50
DATA,328,2/23/22,4:14:00 PM,2814.8,60
DATA,329,2/23/22,4:15:00 PM,2814.1,58
DATA,330,2/23/22,4:16:00 PM,2814.3,47
DATA,331,2/23/22,4:17:00 PM,2815.1,51
DATA,332,2/23/22,4:18:00 PM,2815.6,61
DATA,333,2/23/22,4:19:00 PM,2815.8,59
DATA,334,2/23/22,4:20:00 PM,2816.3,60
DATA,335,2/23/22,4:21:00 PM,2817.2,55
DATA,336,2/23/22,4:22:00 PM,2816.4,61
DATA,337,2/23/22,4:23:00 PM,2815.9,61
DATA,338,2/23/22,4:24:00 PM,2816.8,66
DATA,339,2/23/22,4:25:00 PM,2816.9,72
DATA,340,2/23/22,4:26:00 PM,2817.4,55
DATA,341,2/23/22,4:27:00 PM,2817,56
DATA,342,2/23/22,4:28:00 PM,2815.9,68
DATA,343,2/23/22,4:29:00 PM,2817.3,68
DATA,344,2/23/22,4:30:00 PM,2818,62
DATA,345,2/23/22,4:31:00 PM,2817.5,62
DATA,346,2/23/22,4:32:00 PM,2818.7,70
DATA,347,2/23/22,4:33:00 PM,2818.3,44
DATA,348,2/23/22,4:34:00 PM,2817.2,47
DATA,349,2/23/22,4:35:00 PM,2816.2,51
DATA,350,2/23/22,4:36:00 PM,2818.8,46
DATA,351,2/23/22,4:37:00 PM,2817.9,50
DATA,352,2/23/22,4:38:00 PM,2819.1,49
DATA,353,2/23/22,4:39:00 PM,2816.8,58
DATA,354,2/23/22,4:40:00 PM,2819.6,55
DATA,355,2/23/22,4:41:00 PM,2819.4,49
DATA,356,2/23/22,4:42:00 PM,2819,50
DATA,357,2/23/22,4:43:00 PM,2818.3,48
DATA,358,2/23/22,4:44:00 PM,2818.5,55
DATA,359,2/23/22,4:45:00 PM,2820,47
DATA,360,2/23/22,4:46:00 PM,2817.5,54
DATA,361,2/23/22,4:47:00 PM,2819.5,52
DATA,362,2/23/22,4:48:00 PM,2815.2,49
DATA,363,2/23/22,4:49:00 PM,2820,48
DATA,364,2/23/22,4:50:00 PM,2819.7,59
DATA,365,2/23/22,4:51:00 PM,2820.7,47
DATA,366,2/23/22,4:52:00 PM,2820.2,47
DATA,367,2/23/22,4:53:00 PM,2819.3,60
DATA,368,2/23/22,4:54:00 PM,2820.7,52
DATA,369,2/23/22,4:55:00 PM,2820.5,55
DATA,370,2/23/22,4:56:00 PM,2819.9,63
DATA,371,2/23/22,4:57:00 PM,2819,50
DATA,372,2/23/22,4:58:00 PM,2819.3,58
DATA,373,2/23/22,4:59:00 PM,2820.9,61
DATA,374,2/23/22,5:00:00 PM,2821.9,67
DATA,375,2/23/22,5:01:00 PM,2820.7,45
DATA,376,2/23/22,5:02:00 PM,2819.7,58
DATA,377,2/23/22,5:03:00 PM,2821.5,54
DATA,378,2/23/22,5:04:00 PM,2822.4,50
DATA,379,2/23/22,5:05:00 PM,2820.6,55
DATA,380,2/23/22,5:06:00 PM,2822.4,51
DATA,381,2/23/22,5:07:00 PM,2820.7,57
DATA,382,2/23/22,5:08:00 PM,2822.2,41
DATA,383,2/23/22,5:09:00 PM,2823.4,48
DATA,384,2/23/22,5:10:00 PM,2822.6,54
DATA,385,2/23/22,5:11:00 PM,2823.1,37
DATA,386,2/23/22,5:12:00 PM,2822.5,45
DATA,387,2/23/22,5:13:00 PM,2824.1,48
DATA,388,2/23/22,5:14:00 PM,2822.4,54
DATA,389,2/23/22,5:15:00 PM,2822.9,55
DATA,390,2/23/22,5:16:00 PM,2824,44
DATA,391,2/23/22,5:17:00 PM,2822.1,47
DATA,392,2/23/22,5:18:00 PM,2822.9,51
DATA,393,2/23/22,5:19:00 PM,2818.5,57
DATA,394,2/23/22,5:20:00 PM,2823.2,55
DATA,395,2/23/22,5:21:00 PM,2824.5,55
DATA,396,2/23/22,5:22:00 PM,2824.4,50
DATA,397,2/23/22,5:23:00 PM,2825.8,60
DATA,398,2/23/22,5:24:00 PM,2823.2,57
DATA,399,2/23/22,5:25:00 PM,2825.1,54
DATA,400,2/23/22,5:26:00 PM,2826.3,43
DATA,401,2/23/22,5:27:00 PM,2825.1,45
DATA,402,2/23/22,5:28:00 PM,2823.7,54
DATA,403,2/23/22,5:29:00 PM,2825.7,52
DATA,404,2/23/22,5:30:00 PM,2824.8,57
DATA,405,2/23/22,5:31:00 PM,2827,48
DATA,406,2/23/22,5:32:00 PM,2823.3,43
DATA,407,2/23/22,5:33:00 PM,2825.6,53
DATA,408,2/23/22,5:34:00 PM,2826.7,59
DATA,409,2/23/22,5:35:00 PM,2825,56
DATA,410,2/23/22,5:36:00 PM,2826.4,48
DATA,411,2/23/22,5:37:00 PM,2825.8,56
DATA,412,2/23/22,5:38:00 PM,2824.8,60
DATA,413,2/23/22,5:39:00 PM,2827.5,56
DATA,414,2/23/22,5:40:00 PM,2827.9,65
DATA,415,2/23/22,5:41:00 PM,2827.3,55
DATA,416,2/23/22,5:42:00 PM,2826.5,60
DATA,417,2/23/22,5:43:00 PM,2827.5,48
DATA,418,2/23/22,5:44:00 PM,2827,48
DATA,419,2/23/22,5:45:00 PM,2826.8,60
DATA,420,2/23/22,5:46:00 PM,2828.5,46
DATA,421,2/23/22,5:47:00 PM,2825.1,44
DATA,422,2/23/22,5:48:00 PM,2827.9,59
DATA,423,2/23/22,5:49:00 PM,2829.2,50
DATA,424,2/23/22,5:50:00 PM,2828.3,54
DATA,425,2/23/22,5:51:00 PM,2827,46
DATA,426,2/23/22,5:52:00 PM,2829.4,57
DATA,427,2/23/22,5:53:00 PM,2828.1,49
DATA,428,2/23/22,5:54:00 PM,2828.2,55
DATA,429,2/23/22,5:55:00 PM,2829.4,63
DATA,430,2/23/22,5:56:00 PM,2829.5,51
DATA,431,2/23/22,5:57:00 PM,2830.6,49
DATA,432,2/23/22,5:58:00 PM,2830,47
DATA,433,2/23/22,5:59:00 PM,2830.1,53
DATA,434,2/23/22,6:00:00 PM,2824.3,54
DATA,435,2/23/22,6:01:00 PM,2817.9,53
DATA,436,2/23/22,6:02:00 PM,2811.2,45
DATA,437,2/23/22,6:03:00 PM,2804.4,45
DATA,438,2/23/22,6:04:00 PM,2797.5,62
DATA,439,2/23/22,6:05:00 PM,2790,55
DATA,440,2/23/22,6:06:00 PM,2785.3,57
DATA,441,2/23/22,6:07:00 PM,2778.1,53
DATA,442,2/23/22,6:08:00 PM,2770.4,53
DATA,443,2/23/22,6:09:00 PM,2764.9,66
DATA,444,2/23/22,6:10:00 PM,2757.3,58
DATA,445,2/23/22,6:11:00 PM,2748.5,56
DATA,446,2/23/22,6:12:00 PM,2744.7,59
DATA,447,2/23/22,6:13:00 PM,2737.3,62
DATA,448,2/23/22,6:14:00 PM,2731.7,55
DATA,449,2/23/22,6:15:00 PM,2722.3,56
DATA,450,2/23/22,6:16:00 PM,2717.8,61
DATA,451,2/23/22,6:17:00 PM,2709.5,46
DATA,452,2/23/22,6:18:00 PM,2703.1,41
DATA,453,2/23/22,6:19:00 PM,2695.5,59
DATA,454,2/23/22,6:20:00 PM,2689.6,68
DATA,455,2/23/22,6:21:00 PM,2682.1,43
DATA,456,2/23/22,6:22:00 PM,2674,47
DATA,457,2/23/22,6:23:00 PM,2668.5,60
DATA,458,2/23/22,6:24:00 PM,2658.9,59
DATA,459,2/23/22,6:25:00 PM,2653.3,53
DATA,460,2/23/22,6:26:00 PM,2643.8,53
DATA,461,2/23/22,6:27:00 PM,2637,53
DATA,462,2/23/22,6:28:00 PM,2629.4,54
DATA,463,2/23/22,6:29:00 PM,2620.3,49
DATA,464,2/23/22,6:30:00 PM,2614.5,58
DATA,465,2/23/22,6:31:00 PM,2606.6,47
DATA,466,2/23/22,6:32:00 PM,2598.4,60
DATA,467,2/23/22,6:33:00 PM,2591,54
DATA,468,2/23/22,6:34:00 PM,2585.1,63
DATA,469,2/23/22,6:35:00 PM,2576.2,60
DATA,470,2/23/22,6:36:00 PM,2565.7,59
DATA,471,2/23/22,6:37:00 PM,2558.9,68
DATA,472,2/23/22,6:38:00 PM,2551.7,54
DATA,473,2/23/22,6:39:00 PM,2541.9,60
DATA,474,2/23/22,6:40:00 PM,2534.9,67
DATA,475,2/23/22,6:41:00 PM,2527.2,58
DATA,476,2/23/22,6:42:00 PM,2517.7,58
DATA,477,2/23/22,6:43:00 PM,2510.5,54
DATA,478,2/23/22,6:44:00 PM,2498.9,78
DATA,479,2/23/22,6:45:00 PM,2495,62
DATA,480,2/23/22,6:46:00 PM,2482.6,59
DATA,481,2/23/22,6:47:00 PM,2475.9,69
DATA,482,2/23/22,6:48:00 PM,2463.5,67
DATA,483,2/23/22,6:49:00 PM,2457.1,62
DATA,484,2/23/22,6:50:00 PM,2449.3,70
DATA,485,2/23/22,6:51:00 PM,2439.6,68
DATA,486,2/23/22,6:52:00 PM,2430.3,43
DATA,487,2/23/22,6:53:00 PM,2421.2,47
DATA,488,2/23/22,6:54:00 PM,2410.6,53
DATA,489,2/23/22,6:55:00 PM,2400.3,54
DATA,490,2/23/22,6:56:00 PM,2392,48
DATA,491,2/23/22,6:57:00 PM,2382,52
DATA,492,2/23/22,6:58:00 PM,2372.1,57
DATA,493,2/23/22,6:59:00 PM,2362.1,52
DATA,494,2/23/22,7:00:00 PM,2352.9,64
DATA,495,2/23/22,7:01:00 PM,2342.1,46
DATA,496,2/23/22,7:02:00 PM,2331.7,54
DATA,497,2/23/22,7:03:00 PM,2320.4,45
DATA,498,2/23/22,7:04:00 PM,2312.8,55
DATA,499,2/23/22,7:05:00 PM,2301.1,51
DATA,500,2/23/22,7:06:00 PM,2291.2,38
DATA,501,2/23/22,7:07:00 PM,2282.2,43
DATA,502,2/23/22,7:08:00 PM,2271.9,53
DATA,503,2/23/22,7:09:00 PM,2261.3,42
DATA,504,2/23/22,7:10:00 PM,2251,43
DATA,505,2/23/22,7:11:00 PM,2241.5,42
DATA,506,2/23/22,7:12:00 PM,2229.9,57
DATA,507,2/23/22,7:13:00 PM,2221,36
DATA,508,2/23/22,7:14:00 PM,2208.1,47
DATA,509,2/23/22,7:15:00 PM,2199.8,68
DATA,510,2/23/22,7:16:00 PM,2188.8,53
DATA,511,2/23/22,7:17:00 PM,2179.3,53
DATA,512,2/23/22,7:18:00 PM,2165.6,56
DATA,513,2/23/22,7:19:00 PM,2156.7,61
DATA,514,2/23/22,7:20:00 PM,2145.4,52
DATA,515,2/23/22,7:21:00 PM,2133.4,45
DATA,516,2/23/22,7:22:00 PM,2123.3,48
DATA,517,2/23/22,7:23:00 PM,2112.5,44
DATA,518,2/23/22,7:24:00 PM,2103.9,53
DATA,519,2/23/22,7:25:00 PM,2092.6,62
DATA,520,2/23/22,7:26:00 PM,2079.8,65
DATA,521,2/23/22,7:27:00 PM,2069.7,49
DATA,522,2/23/22,7:28:00 PM,2056.7,50
DATA,523,2/23/22,7:29:00 PM,2047.2,50
DATA,524,2/23/22,7:30:00 PM,2034.8,48
DATA,525,2/23/22,7:31:00 PM,2025.7,43
DATA,526,2/23/22,7:32:00 PM,2013.3,41
DATA,527,2/23/22,7:33:00 PM,2000.9,48
DATA,528,2/23/22,7:34:00 PM,1992.1,55
DATA,529,2/23/22,7:35:00 PM,1978.1,63
DATA,530,2/23/22,7:36:00 PM,1970.4,54
DATA,531,2/23/22,7:37:00 PM,1955.5,54
DATA,532,2/23/22,7:38:00 PM,1946.4,58
DATA,533,2/23/22,7:39:00 PM,1936.2,60
DATA,534,2/23/22,7:40:00 PM,1925.3,64
DATA,535,2/23/22,7:41:00 PM,1915.4,51
DATA,536,2/23/22,7:42:00 PM,1906,52
DATA,537,2/23/22,7:43:00 PM,1893.8,69
DATA,538,2/23/22,7:44:00 PM,1881.9,63
DATA,539,2/23/22,7:45:00 PM,1870.9,66
DATA,540,2/23/22,7:46:00 PM,1860.4,56
DATA,541,2/23/22,7:47:00 PM,1847.3,65
DATA,542,2/23/22,7:48:00 PM,1837.2,59
DATA,543,2/23/22,7:49:00 PM,1822.9,65
DATA,544,2/23/22,7:50:00 PM,1814,61
DATA,545,2/23/22,7:51:00 PM,1803.3,48
DATA,546,2/23/22,7:52:00 PM,1788.7,69
DATA,547,2/23/22,7:53:00 PM,1778.6,72
DATA,548,2/23/22,7:54:00 PM,1766.7,75
DATA,549,2/23/22,7:55:00 PM,1756.1,64
DATA,550,2/23/22,7:56:00 PM,1741.7,60
DATA,551,2/23/22,7:57:00 PM,1728.8,71
DATA,552,2/23/22,7:58:00 PM,1717.9,66
DATA,553,2/23/22,7:59:00 PM,1706.7,66
DATA,554,2/23/22,8:00:00 PM,1693.9,78
DATA,555,2/23/22,8:01:00 PM,1683.6,56
DATA,556,2/23/22,8:02:00 PM,1670.8,41
DATA,557,2/23/22,8:03:00 PM,1659.1,46
DATA,558,2/23/22,8:04:00 PM,1646.3,49
DATA,559,2/23/22,8:05:00 PM,1634.9,48
DATA,560,2/23/22,8:06:00 PM,1619.8,46
DATA,561,2/23/22,8:07:00 PM,1609.6,47
DATA,562,2/23/22,8:08:00 PM,1596.8,59
DATA,563,2/23/22,8:09:00 PM,1585.2,47
DATA,564,2/23/22,8:10:00 PM,1572.8,54
DATA,565,2/23/22,8:11:00 PM,1556.8,52
DATA,566,2/23/22,8:12:00 PM,1546.5,44
DATA,567,2/23/22,8:13:00 PM,1531.6,44
DATA,568,2/23/22,8:14:00 PM,1520.5,46
DATA,569,2/23/22,8:15:00 PM,1507.9,59
DATA,570,2/23/22,8:16:00 PM,1494.2,44
DATA,571,2/23/22,8:17:00 PM,1480,42
DATA,572,2/23/22,8:18:00 PM,1468.2,55
DATA,573,2/23/22,8:19:00 PM,1452.4,46
DATA,574,2/23/22,8:20:00 PM,1440,44
DATA,575,2/23/22,8:21:00 PM,1426.1,45
DATA,576,2/23/22,8:22:00 PM,1412.3,38
DATA,577,2/23/22,8:23:00 PM,1399.9,62
DATA,578,2/23/22,8:24:00 PM,1385.5,58
DATA,579,2/23/22,8:25:00 PM,1374.2,58
DATA,580,2/23/22,8:26:00 PM,1358.6,51
DATA,581,2/23/22,8:27:00 PM,1347.8,56
DATA,582,2/23/22,8:28:00 PM,1332.6,53
DATA,583,2/23/22,8:29:00 PM,1317.3,49
DATA,584,2/23/22,8:30:00 PM,1304.9,56
DATA,585,2/23/22,8:31:00 PM,1290.6,52
DATA,586,2/23/22,8:32:00 PM,1277.3,59
DATA,587,2/23/22,8:33:00 PM,1264.4,52
DATA,588,2/23/22,8:34:00 PM,1249.9,65
DATA,589,2/23/22,8:35:00 PM,1235.6,62
DATA,590,2/23/22,8:36:00 PM,1220.6,34
DATA,591,2/23/22,8:37:00 PM,1205,36
DATA,592,2/23/22,8:38:00 PM,1193.1,48
DATA,593,2/23/22,8:39:00 PM,1175.5,56
DATA,594,2/23/22,8:40:00 PM,1164,45
DATA,595,2/23/22,8:41:00 PM,1148.4,47
DATA,596,2/23/22,8:42:00 PM,1135.4,48
DATA,597,2/23/22,8:43:00 PM,1120.6,40
DATA,598,2/23/22,8:44:00 PM,1105.1,43
DATA,599,2/23/22,8:45:00 PM,1091.2,53
DATA,600,2/23/22,8:46:00 PM,1076.2,43
DATA,601,2/23/22,8:47:00 PM,1062.3,35
DATA,602,2/23/22,8:48:00 PM,1046.6,44
DATA,603,2/23/22,8:49:00 PM,1033.3,42
DATA,604,2/23/22,8:50:00 PM,1018.2,40
DATA,605,2/23/22,8:51:00 PM,1000.4,29
DATA,606,2/23/22,8:52:00 PM,986.12,55
DATA,607,2/23/22,8:53:00 PM,972.11,54
DATA,608,2/23/22,8:54:00 PM,956.16,57
DATA,609,2/23/22,8:55:00 PM,940.61,55
DATA,610,2/23/22,8:56:00 PM,924.68,59
DATA,611,2/23/22,8:57:00 PM,910.01,37
DATA,612,2/23/22,8:58:00 PM,895.14,58
DATA,613,2/23/22,8:59:00 PM,882.15,60
DATA,614,2/23/22,9:00:00 PM,866.32,66
DATA,615,2/23/22,9:01:00 PM,850.11,38
DATA,616,2/23/22,9:02:00 PM,835.06,50
DATA,617,2/23/22,9:03:00 PM,819.4,55
DATA,618,2/23/22,9:04:00 PM,800.53,44
DATA,619,2/23/22,9:05:00 PM,788.53,64
DATA,620,2/23/22,9:06:00 PM,771.54,53
DATA,621,2/23/22,9:07:00 PM,756.7,59
DATA,622,2/23/22,9:08:00 PM,738.84,60
DATA,623,2/23/22,9:09:00 PM,723.23,52
DATA,624,2/23/22,9:10:00 PM,706.37,63
DATA,625,2/23/22,9:11:00 PM,688.83,51
DATA,626,2/23/22,9:12:00 PM,673.6,44
DATA,627,2/23/22,9:13:00 PM,653.1,42
DATA,628,2/23/22,9:14:00 PM,636.62,55
DATA,629,2/23/22,9:15:00 PM,620.22,40
DATA,630,2/23/22,9:16:00 PM,604.27,43
DATA,631,2/23/22,9:17:00 PM,586.9,57
DATA,632,2/23/22,9:18:00 PM,569.89,62
DATA,633,2/23/22,9:19:00 PM,550.82,50
DATA,634,2/23/22,9:20:00 PM,535.47,57
DATA,635,2/23/22,9:21:00 PM,518.86,57
DATA,636,2/23/22,9:22:00 PM,498.79,62
DATA,637,2/23/22,9:23:00 PM,485.08,55
DATA,638,2/23/22,9:24:00 PM,465.17,58
DATA,639,2/23/22,9:25:00 PM,449.12,51
DATA,640,2/23/22,9:26:00 PM,432.74,47
DATA,641,2/23/22,9:27:00 PM,412.66,51
DATA,642,2/23/22,9:28:00 PM,393.66,63
DATA,643,2/23/22,9:29:00 PM,377.75,61
DATA,644,2/23/22,9:30:00 PM,356.44,59
DATA,645,2/23/22,9:31:00 PM,340.05,45
DATA,646,2/23/22,9:32:00 PM,323.59,51
DATA,647,2/23/22,9:33:00 PM,306.27,52
DATA,648,2/23/22,9:34:00 PM,289.22,62
DATA,649,2/23/22,9:35:00 PM,272.61,53
DATA,650,2/23/22,9:36:00 PM,256.42,49
DATA,651,2/23/22,9:37:00 PM,238.59,62
DATA,652,2/23/22,9:38:00 PM,224.83,59
DATA,653,2/23/22,9:39:00 PM,209.51,53
DATA,654,2/23/22,9:40:00 PM,190.46,61
DATA,655,2/23/22,9:41:00 PM,174.73,59
DATA,656,2/23/22,9:42:00 PM,154.33,49
DATA,657,2/23/22,9:43:00 PM,137.94,62
DATA,658,2/23/22,9:44:00 PM,120.45,54
DATA,659,2/23/22,9:45:00 PM,110.61,56
DATA,660,2/23/22,9:46:00 PM,102.63,37
DATA,661,2/23/22,9:47:00 PM,95.002,46
DATA,662,2/23/22,9:48:00 PM,87.18,59
DATA,663,2/23/22,9:49:00 PM,79.068,61
DATA,664,2/23/22,9:50:00 PM,71.164,55
DATA,665,2/23/22,9:51:00 PM,63.369,59
DATA,666,2/23/22,9:52:00 PM,55.559,65
DATA,667,2/23/22,9:53:00 PM,48.004,48
DATA,668,2/23/22,9:54:00 PM,40.125,49
DATA,669,2/23/22,9:55:00 PM,32.048,59
DATA,670,2/23/22,9:56:00 PM,25.954,54
DATA,671,2/23/22,9:57:00 PM,16.716,55
DATA,672,2/23/22,9:58:00 PM,8.576,65
DATA,673,2/23/22,9:59:00 PM,0.0026408,208
DATA,674,2/23/22,10:00:00 PM,0.0021559,205
DATA,675,2/23/22,10:01:00 PM,0.002052,183
DATA,676,2/23/22,10:02:00 PM,0.0021559,201
DATA,677,2/23/22,10:03:00 PM,0.0018789,208
DATA,678,2/23/22,10:04:00 PM,0.0022598,206
DATA,679,2/23/22,10:05:00 PM,0.0023291,202
DATA,680,2/23/22,10:06:00 PM,0.0022598,207
DATA,681,2/23/22,10:07:00 PM,0.0022598,203
DATA,682,2/23/22,10:08:00 PM,0.0021906,199
DATA,683,2/23/22,10:09:00 PM,0.0021213,195
DATA,684,2/23/22,10:10:00 PM,0.002052,191
DATA,685,2/23/22,10:11:00 PM,0.002052,187
DATA,686,2/23/22,10:12:00 PM,0.0022945,205
DATA,687,2/23/22,10:13:00 PM,0.002433,200
DATA,688,2/23/22,10:14:00 PM,0.0025023,196
DATA,689,2/23/22,10:15:00 PM,0.0023637,210
DATA,690,2/23/22,10:16:00 PM,0.0023291,201
DATA,691,2/23/22,10:17:00 PM,0.0020174,194
DATA,692,2/23/22,10:18:00 PM,0.0023637,206
DATA,693,2/23/22,10:19:00 PM,0.0021906,208
DATA,694,2/23/22,10:20:00 PM,0.002433,207
DATA,695,2/23/22,10:21:00 PM,0.0023984,190
DATA,696,2/23/22,10:22:00 PM,0.0022945,191
DATA,697,2/23/22,10:23:00 PM,0.0022945,196
DATA,698,2/23/22,10:24:00 PM,0.0021906,188
DATA,699,2/23/22,10:25:00 PM,0.0021213,183
DATA,700,2/23/22,10:26:00 PM,0.0024676,186
DATA,701,2/23/22,10:27:00 PM,0.002433,178
DATA,702,2/23/22,10:28:00 PM,0.002433,174
DATA,703,2/23/22,10:29:00 PM,0.002052,176
DATA,704,2/23/22,10:30:00 PM,0.0021906,190
DATA,705,2/23/22,10:31:00 PM,0.0023637,180
DATA,706,2/23/22,10:32:00 PM,0.0021559,186
DATA,707,2/23/22,10:33:00 PM,0.002052,177
DATA,708,2/23/22,10:34:00 PM,0.0022252,186
DATA,709,2/23/22,10:35:00 PM,0.0021906,187
DATA,710,2/23/22,10:36:00 PM,0.002052,174
DATA,711,2/23/22,10:37:00 PM,0.0021906,188
DATA,712,2/23/22,10:38:00 PM,0.0022252,179
DATA,713,2/23/22,10:39:00 PM,0.002052,180
DATA,714,2/23/22,10:40:00 PM,0.002433,188
DATA,715,2/23/22,10:41:00 PM,0.0021559,193
DATA,716,2/23/22,10:42:00 PM,0.0022945,189
DATA,717,2/23/22,10:43:00 PM,0.0022252,185
DATA,718,2/23/22,10:44:00 PM,0.0022252,190
DATA,719,2/23/22,10:45:00 PM,0.0019828,201
DATA,720,2/23/22,10:46:00 PM,0.0021559,191
DATA,721,2/23/22,10:47:00 PM,0.0025715,194
DATA,722,2/23/22,10:48:00 PM,0.0023984,196
DATA,723,2/23/22,10:49:00 PM,0.0022598,200
DATA,724,2/23/22,10:50:00 PM,0.0019828,207
DATA,725,2/23/22,10:51:00 PM,0.002052,183
DATA,726,2/23/22,10:52:00 PM,0.0023984,196
DATA,727,2/23/22,10:53:00 PM,0.002052,184
DATA,728,2/23/22,10:54:00 PM,0.0021906,198
DATA,729,2/23/22,10:55:00 PM,0.0027101,178
DATA,730,2/23/22,10:56:00 PM,0.0023984,189
DATA,731,2/23/22,10:57:00 PM,0.0022598,193
DATA,732,2/23/22,10:58:00 PM,0.0027447,196
DATA,733,2/23/22,10:59:00 PM,0.0021906,186
DATA,734,2/23/22,11:00:00 PM,0.0022945,195
DATA,735,2/23/22,11:01:00 PM,0.002433,176
DATA,736,2/23/22,11:02:00 PM,0.0022252,173
DATA,737,2/23/22,11:03:00 PM,0.0022252,178
DATA,738,2/23/22,11:04:00 PM,0.0020174,184
DATA,739,2/23/22,11:05:00 PM,0.0020174,188
DATA,740,2/23/22,11:06:00 PM,0.0023984,187
DATA,741,2/23/22,11:07:00 PM,0.0020174,180
DATA,742,2/23/22,11:08:00 PM,0.002052,180
DATA,743,2/23/22,11:09:00 PM,0.0020867,190
DATA,744,2/23/22,11:10:00 PM,0.0023291,189
DATA,745,2/23/22,11:11:00 PM,0.0022945,190
DATA,746,2/23/22,11:12:00 PM,0.002052,182
DATA,747,2/23/22,11:13:00 PM,0.0023637,189
DATA,748,2/23/22,11:14:00 PM,0.0022945,195
DATA,749,2/23/22,11:15:00 PM,0.002433,190
DATA,750,2/23/22,11:16:00 PM,2.02E-03,179
DATA,751,2/23/22,11:17:00 PM,0.0025023,182
DATA,752,2/23/22,11:18:00 PM,0.0021559,197
DATA,753,2/23/22,11:19:00 PM,0.0021906,198
DATA,754,2/23/22,11:20:00 PM,0.0022945,198
DATA,755,2/23/22,11:21:00 PM,0.002433,183
DATA,756,2/23/22,11:22:00 PM,1.88E-03,209
DATA,757,2/23/22,11:23:00 PM,0.0020867,195
DATA,758,2/23/22,11:24:00 PM,0.0021906,195
DATA,759,2/23/22,11:25:00 PM,0.0025023,194
DATA,760,2/23/22,11:26:00 PM,0.0025023,190
DATA,761,2/23/22,11:27:00 PM,0.0022945,196
DATA,762,2/23/22,11:28:00 PM,0.0023984,205
DATA,763,2/23/22,11:29:00 PM,0.0022598,209
DATA,764,2/23/22,11:30:00 PM,0.0026408,190
DATA,765,2/23/22,11:31:00 PM,0.0021213,175
DATA,766,2/23/22,11:32:00 PM,0.0025023,183
DATA,767,2/23/22,11:33:00 PM,0.0018442,195
DATA,768,2/23/22,11:34:00 PM,0.0021906,190
DATA,769,2/23/22,11:35:00 PM,0.0019828,205
DATA,770,2/23/22,11:36:00 PM,0.0021559,195
DATA,771,2/23/22,11:37:00 PM,0.0020867,191
DATA,772,2/23/22,11:38:00 PM,0.0021559,195
DATA,773,2/23/22,11:39:00 PM,0.0022598,204
DATA,774,2/23/22,11:40:00 PM,0.0021906,201
DATA,775,2/23/22,11:41:00 PM,0.0023637,191
DATA,776,2/23/22,11:42:00 PM,0.0022252,188
DATA,777,2/23/22,11:43:00 PM,0.0020867,203
DATA,778,2/23/22,11:44:00 PM,0.0020867,199
DATA,779,2/23/22,11:45:00 PM,0.0022252,193
DATA,780,2/23/22,11:46:00 PM,0.0021906,194
DATA,781,2/23/22,11:47:00 PM,0.0021906,199
DATA,782,2/23/22,11:48:00 PM,0.0022252,190
DATA,783,2/23/22,11:49:00 PM,0.002052,191
DATA,784,2/23/22,11:50:00 PM,0.0022945,209
DATA,785,2/23/22,11:51:00 PM,0.0021906,192
DATA,786,2/23/22,11:52:00 PM,0.0018789,212
DATA,787,2/23/22,11:53:00 PM,0.0022945,205
DATA,788,2/23/22,11:54:00 PM,0.0020867,211
DATA,789,2/23/22,11:55:00 PM,0.0021213,193
DATA,790,2/23/22,11:56:00 PM,0.002052,189
DATA,791,2/23/22,11:57:00 PM,0.002433,197
DATA,792,2/23/22,11:58:00 PM,0.0025369,206
DATA,793,2/23/22,11:59:00 PM,0.0020867,209
DATA,794,2/24/22,12:00:00 AM,0.0021213,200
DATA,795,2/24/22,12:01:00 AM,0.002052,185
DATA,796,2/24/22,12:02:00 AM,0.0019135,191
DATA,797,2/24/22,12:03:00 AM,0.0019481,200
DATA,798,2/24/22,12:04:00 AM,0.0020867,205
DATA,799,2/24/22,12:05:00 AM,0.0021213,178
DATA,800,2/24/22,12:06:00 AM,0.0023291,173
DATA,801,2/24/22,12:07:00 AM,0.0019135,180
DATA,802,2/24/22,12:08:00 AM,0.0023637,178
DATA,803,2/24/22,12:09:00 AM,0.0023637,183
DATA,804,2/24/22,12:10:00 AM,0.0022598,192
DATA,805,2/24/22,12:11:00 AM,0.0023291,179
DATA,806,2/24/22,12:12:00 AM,0.0022252,171
DATA,807,2/24/22,12:13:00 AM,0.0023291,180
DATA,808,2/24/22,12:14:00 AM,0.0022945,190
DATA,809,2/24/22,12:15:00 AM,0.0024676,189
DATA,810,2/24/22,12:16:00 AM,0.002433,172
DATA,811,2/24/22,12:17:00 AM,0.0021559,187
DATA,812,2/24/22,12:18:00 AM,0.0023637,190
DATA,813,2/24/22,12:19:00 AM,0.0021559,187
DATA,814,2/24/22,12:20:00 AM,0.002433,182
DATA,815,2/24/22,12:21:00 AM,0.0022945,188
DATA,816,2/24/22,12:22:00 AM,0.0016364,181
DATA,817,2/24/22,12:23:00 AM,0.002052,175
DATA,818,2/24/22,12:24:00 AM,0.0022598,197
DATA,819,2/24/22,12:25:00 AM,0.0023984,201
DATA,820,2/24/22,12:26:00 AM,0.0022945,184
DATA,821,2/24/22,12:27:00 AM,0.0022945,189
DATA,822,2/24/22,12:28:00 AM,0.0025023,184
DATA,823,2/24/22,12:29:00 AM,0.0021213,177
DATA,824,2/24/22,12:30:00 AM,0.0020867,196
DATA,825,2/24/22,12:31:00 AM,0.002052,178
DATA,826,2/24/22,12:32:00 AM,0.0021213,183
DATA,827,2/24/22,12:33:00 AM,0.0023291,187
DATA,828,2/24/22,12:34:00 AM,0.0022598,200
DATA,829,2/24/22,12:35:00 AM,0.0020174,193
DATA,830,2/24/22,12:36:00 AM,0.0020867,189
DATA,831,2/24/22,12:37:00 AM,0.0019481,194
DATA,832,2/24/22,12:38:00 AM,0.0018442,195
DATA,833,2/24/22,12:39:00 AM,0.0022945,203
DATA,834,2/24/22,12:40:00 AM,0.0021906,186
DATA,835,2/24/22,12:41:00 AM,0.0022945,186
DATA,836,2/24/22,12:42:00 AM,0.0022945,190
DATA,837,2/24/22,12:43:00 AM,0.0020174,178
DATA,838,2/24/22,12:44:00 AM,0.0020174,183
DATA,839,2/24/22,12:45:00 AM,0.0021906,192
DATA,840,2/24/22,12:46:00 AM,0.0021906,188
DATA,841,2/24/22,12:47:00 AM,0.0025369,191
DATA,842,2/24/22,12:48:00 AM,0.0021906,189
DATA,843,2/24/22,12:49:00 AM,0.0020174,190
DATA,844,2/24/22,12:50:00 AM,0.0022945,193
DATA,845,2/24/22,12:51:00 AM,0.0023291,184
DATA,846,2/24/22,12:52:00 AM,0.0020867,195
DATA,847,2/24/22,12:53:00 AM,0.002052,186
DATA,848,2/24/22,12:54:00 AM,0.0022945,195
DATA,849,2/24/22,12:55:00 AM,0.0021213,187
DATA,850,2/24/22,12:56:00 AM,0.0019481,197
DATA,851,2/24/22,12:57:00 AM,0.0020867,193
DATA,852,2/24/22,12:58:00 AM,0.0029871,201
DATA,853,2/24/22,12:59:00 AM,0.012754,150
DATA,854,2/24/22,1:00:00 AM,0.015975,163
DATA,855,2/24/22,1:01:00 AM,0.026642,138
DATA,856,2/24/22,1:02:00 AM,0.037274,146
DATA,857,2/24/22,1:03:00 AM,0.04614,143
DATA,858,2/24/22,1:04:00 AM,5.65E-02,146
DATA,859,2/24/22,1:05:00 AM,0.065189,158
DATA,860,2/24/22,1:06:00 AM,0.067786,158
DATA,861,2/24/22,1:07:00 AM,0.073709,155
DATA,862,2/24/22,1:08:00 AM,0.088739,160
DATA,863,2/24/22,1:09:00 AM,0.096012,148
DATA,864,2/24/22,1:10:00 AM,1.03E-01,98
DATA,865,2/24/22,1:11:00 AM,0.11191,87
DATA,866,2/24/22,1:12:00 AM,0.12296,99
DATA,867,2/24/22,1:13:00 AM,0.13276,103
DATA,868,2/24/22,1:14:00 AM,0.14014,98
DATA,869,2/24/22,1:15:00 AM,0.14491,94
DATA,870,2/24/22,1:16:00 AM,0.15534,89
DATA,871,2/24/22,1:17:00 AM,0.16015,89
DATA,872,2/24/22,1:18:00 AM,0.16999,106
DATA,873,2/24/22,1:19:00 AM,0.17674,102
DATA,874,2/24/22,1:20:00 AM,0.18329,105
DATA,875,2/24/22,1:21:00 AM,0.19416,90
DATA,876,2/24/22,1:22:00 AM,0.20625,88
DATA,877,2/24/22,1:23:00 AM,0.21248,95
DATA,878,2/24/22,1:24:00 AM,0.21997,111
DATA,879,2/24/22,1:25:00 AM,0.23081,93
DATA,880,2/24/22,1:26:00 AM,0.23666,98
DATA,881,2/24/22,1:27:00 AM,0.24559,105
DATA,882,2/24/22,1:28:00 AM,0.251,84
DATA,883,2/24/22,1:29:00 AM,0.25578,108
DATA,884,2/24/22,1:30:00 AM,0.26734,107
DATA,885,2/24/22,1:31:00 AM,0.27424,100
DATA,886,2/24/22,1:32:00 AM,0.27766,105
DATA,887,2/24/22,1:33:00 AM,0.28992,112
DATA,888,2/24/22,1:34:00 AM,0.29879,122
DATA,889,2/24/22,1:35:00 AM,0.30811,96
DATA,890,2/24/22,1:36:00 AM,0.31476,100
DATA,891,2/24/22,1:37:00 AM,0.32286,105
DATA,892,2/24/22,1:38:00 AM,0.32684,111
DATA,893,2/24/22,1:39:00 AM,0.33924,105
DATA,894,2/24/22,1:40:00 AM,0.3462,104
DATA,895,2/24/22,1:41:00 AM,0.35306,102
DATA,896,2/24/22,1:42:00 AM,0.36324,99
DATA,897,2/24/22,1:43:00 AM,0.37298,115
DATA,898,2/24/22,1:44:00 AM,0.38576,120
DATA,899,2/24/22,1:45:00 AM,0.39078,123
DATA,900,2/24/22,1:46:00 AM,0.39382,99
DATA,901,2/24/22,1:47:00 AM,0.40705,94
DATA,902,2/24/22,1:48:00 AM,0.41443,99
DATA,903,2/24/22,1:49:00 AM,0.42049,89
DATA,904,2/24/22,1:50:00 AM,0.43109,92
DATA,905,2/24/22,1:51:00 AM,0.43431,86
DATA,906,2/24/22,1:52:00 AM,0.44543,95
DATA,907,2/24/22,1:53:00 AM,0.45333,89
DATA,908,2/24/22,1:54:00 AM,0.45991,103
DATA,909,2/24/22,1:55:00 AM,0.47158,105
DATA,910,2/24/22,1:56:00 AM,0.47896,101
DATA,911,2/24/22,1:57:00 AM,0.47899,109
DATA,912,2/24/22,1:58:00 AM,0.47851,102
DATA,913,2/24/22,1:59:00 AM,0.47646,109
DATA,914,2/24/22,2:00:00 AM,0.48003,93
DATA,915,2/24/22,2:01:00 AM,0.47671,94
DATA,916,2/24/22,2:02:00 AM,0.4783,95
DATA,917,2/24/22,2:03:00 AM,0.48045,90
DATA,918,2/24/22,2:04:00 AM,0.47917,102
DATA,919,2/24/22,2:05:00 AM,0.47903,102
DATA,920,2/24/22,2:06:00 AM,0.4783,97
DATA,921,2/24/22,2:07:00 AM,0.48024,89
DATA,922,2/24/22,2:08:00 AM,0.47882,105
DATA,923,2/24/22,2:09:00 AM,0.47865,111
DATA,924,2/24/22,2:10:00 AM,0.47906,102
DATA,925,2/24/22,2:11:00 AM,0.47546,98
DATA,926,2/24/22,2:12:00 AM,0.48024,95
DATA,927,2/24/22,2:13:00 AM,0.47979,118
DATA,928,2/24/22,2:14:00 AM,0.47699,113
DATA,929,2/24/22,2:15:00 AM,0.47834,109
DATA,930,2/24/22,2:16:00 AM,0.48079,107
DATA,931,2/24/22,2:17:00 AM,0.4766,98
DATA,932,2/24/22,2:18:00 AM,0.47872,108
DATA,933,2/24/22,2:19:00 AM,0.47879,119
DATA,934,2/24/22,2:20:00 AM,0.47875,120
DATA,935,2/24/22,2:21:00 AM,0.47854,104
DATA,936,2/24/22,2:22:00 AM,0.47903,104
DATA,937,2/24/22,2:23:00 AM,0.47989,123
DATA,938,2/24/22,2:24:00 AM,0.47532,94
DATA,939,2/24/22,2:25:00 AM,0.47948,110
DATA,940,2/24/22,2:26:00 AM,0.47927,103
DATA,941,2/24/22,2:27:00 AM,0.48052,97
DATA,942,2/24/22,2:28:00 AM,0.47937,104
DATA,943,2/24/22,2:29:00 AM,0.47934,106
DATA,944,2/24/22,2:30:00 AM,0.47934,111
DATA,945,2/24/22,2:31:00 AM,0.47719,99
DATA,946,2/24/22,2:32:00 AM,0.48052,95
DATA,947,2/24/22,2:33:00 AM,0.48017,101
DATA,948,2/24/22,2:34:00 AM,0.47702,97
DATA,949,2/24/22,2:35:00 AM,0.4758,105
DATA,950,2/24/22,2:36:00 AM,0.47955,107
DATA,951,2/24/22,2:37:00 AM,0.47903,105
DATA,952,2/24/22,2:38:00 AM,0.47931,102
DATA,953,2/24/22,2:39:00 AM,0.47775,113
DATA,954,2/24/22,2:40:00 AM,0.47948,120
DATA,955,2/24/22,2:41:00 AM,0.47618,101
DATA,956,2/24/22,2:42:00 AM,0.47678,112
DATA,957,2/24/22,2:43:00 AM,0.48031,100
DATA,958,2/24/22,2:44:00 AM,0.47899,126
DATA,959,2/24/22,2:45:00 AM,0.47788,119
DATA,960,2/24/22,2:46:00 AM,0.48086,107
DATA,961,2/24/22,2:47:00 AM,0.47601,104
DATA,962,2/24/22,2:48:00 AM,0.47924,108
DATA,963,2/24/22,2:49:00 AM,0.47899,124
DATA,964,2/24/22,2:50:00 AM,0.47771,118
DATA,965,2/24/22,2:51:00 AM,0.47754,114
DATA,966,2/24/22,2:52:00 AM,0.48014,100
DATA,967,2/24/22,2:53:00 AM,0.48041,105
DATA,968,2/24/22,2:54:00 AM,0.47723,116
DATA,969,2/24/22,2:55:00 AM,0.47993,121
DATA,970,2/24/22,2:56:00 AM,0.47657,114
DATA,971,2/24/22,2:57:00 AM,0.47875,121
DATA,972,2/24/22,2:58:00 AM,0.47684,124
DATA,973,2/24/22,2:59:00 AM,0.47958,114
DATA,974,2/24/22,3:00:00 AM,0.4782,107
DATA,975,2/24/22,3:01:00 AM,0.48079,105
DATA,976,2/24/22,3:02:00 AM,0.48114,91
DATA,977,2/24/22,3:03:00 AM,0.47678,110
DATA,978,2/24/22,3:04:00 AM,0.47625,107
DATA,979,2/24/22,3:05:00 AM,0.474,103
DATA,980,2/24/22,3:06:00 AM,0.48055,97
DATA,981,2/24/22,3:07:00 AM,0.48086,105
DATA,982,2/24/22,3:08:00 AM,0.47969,119
DATA,983,2/24/22,3:09:00 AM,0.47989,117
DATA,984,2/24/22,3:10:00 AM,0.47594,114
DATA,985,2/24/22,3:11:00 AM,0.47622,102
DATA,986,2/24/22,3:12:00 AM,0.47698,120
DATA,987,2/24/22,3:13:00 AM,0.48041,99
DATA,988,2/24/22,3:14:00 AM,0.47764,115
DATA,989,2/24/22,3:15:00 AM,0.47719,119
DATA,990,2/24/22,3:16:00 AM,0.47691,105
DATA,991,2/24/22,3:17:00 AM,0.47962,111
DATA,992,2/24/22,3:18:00 AM,0.47917,116
DATA,993,2/24/22,3:19:00 AM,0.47473,118
DATA,994,2/24/22,3:20:00 AM,0.47927,118
DATA,995,2/24/22,3:21:00 AM,0.48017,105
DATA,996,2/24/22,3:22:00 AM,0.47899,127
DATA,997,2/24/22,3:23:00 AM,0.47993,116
DATA,998,2/24/22,3:24:00 AM,0.4801,102
DATA,999,2/24/22,3:25:00 AM,0.47937,124
DATA,1000,2/24/22,3:26:00 AM,0.47681,98
DATA,1001,2/24/22,3:27:00 AM,0.47629,96
DATA,1002,2/24/22,3:28:00 AM,0.47861,99
DATA,1003,2/24/22,3:29:00 AM,0.47646,105
DATA,1004,2/24/22,3:30:00 AM,0.47566,102
DATA,1005,2/24/22,3:31:00 AM,0.47844,96
DATA,1006,2/24/22,3:32:00 AM,0.47844,101
DATA,1007,2/24/22,3:33:00 AM,0.47886,112
DATA,1008,2/24/22,3:34:00 AM,0.47865,96
DATA,1009,2/24/22,3:35:00 AM,0.47539,99
DATA,1010,2/24/22,3:36:00 AM,0.4757,90
DATA,1011,2/24/22,3:37:00 AM,0.47699,98
DATA,1012,2/24/22,3:38:00 AM,0.47861,94
DATA,1013,2/24/22,3:39:00 AM,0.47511,90
DATA,1014,2/24/22,3:40:00 AM,0.47785,108
DATA,1015,2/24/22,3:41:00 AM,0.47879,99
DATA,1016,2/24/22,3:42:00 AM,0.47858,101
DATA,1017,2/24/22,3:43:00 AM,0.47879,109
DATA,1018,2/24/22,3:44:00 AM,0.4749,94
DATA,1019,2/24/22,3:45:00 AM,0.47962,103
DATA,1020,2/24/22,3:46:00 AM,0.47951,97
DATA,1021,2/24/22,3:47:00 AM,0.47841,99
DATA,1022,2/24/22,3:48:00 AM,0.47584,99
DATA,1023,2/24/22,3:49:00 AM,0.47913,100
DATA,1024,2/24/22,3:50:00 AM,0.47809,109
DATA,1025,2/24/22,3:51:00 AM,0.47858,100
DATA,1026,2/24/22,3:52:00 AM,0.47917,101
DATA,1027,2/24/22,3:53:00 AM,0.47865,108
DATA,1028,2/24/22,3:54:00 AM,0.47875,105
DATA,1029,2/24/22,3:55:00 AM,0.47608,104
DATA,1030,2/24/22,3:56:00 AM,0.4801,87
DATA,1031,2/24/22,3:57:00 AM,0.47806,104
DATA,1032,2/24/22,3:58:00 AM,0.47681,101
DATA,1033,2/24/22,3:59:00 AM,0.4774,102
DATA,1034,2/24/22,4:00:00 AM,0.47619,112
DATA,1035,2/24/22,4:01:00 AM,0.47854,95
DATA,1036,2/24/22,4:02:00 AM,0.47854,100
DATA,1037,2/24/22,4:03:00 AM,0.47806,102
DATA,1038,2/24/22,4:04:00 AM,0.47882,110
DATA,1039,2/24/22,4:05:00 AM,0.47518,102
DATA,1040,2/24/22,4:06:00 AM,0.47764,101
DATA,1041,2/24/22,4:07:00 AM,0.47698,112
DATA,1042,2/24/22,4:08:00 AM,0.47726,82
DATA,1043,2/24/22,4:09:00 AM,0.47854,89
DATA,1044,2/24/22,4:10:00 AM,0.47816,92
DATA,1045,2/24/22,4:11:00 AM,0.47768,94
DATA,1046,2/24/22,4:12:00 AM,0.47664,84
DATA,1047,2/24/22,4:13:00 AM,0.47768,94
DATA,1048,2/24/22,4:14:00 AM,0.4773,88
DATA,1049,2/24/22,4:15:00 AM,0.47736,90
DATA,1050,2/24/22,4:16:00 AM,0.47768,91
DATA,1051,2/24/22,4:17:00 AM,0.47972,93
DATA,1052,2/24/22,4:18:00 AM,0.47823,93
DATA,1053,2/24/22,4:19:00 AM,0.47702,85
DATA,1054,2/24/22,4:20:00 AM,0.47421,87
DATA,1055,2/24/22,4:21:00 AM,0.47768,97
DATA,1056,2/24/22,4:22:00 AM,0.4773,82
DATA,1057,2/24/22,4:23:00 AM,0.47719,94
DATA,1058,2/24/22,4:24:00 AM,0.47858,103
DATA,1059,2/24/22,4:25:00 AM,0.47629,104
DATA,1060,2/24/22,4:26:00 AM,0.47622,84
DATA,1061,2/24/22,4:27:00 AM,0.47854,96
DATA,1062,2/24/22,4:28:00 AM,0.47841,96
DATA,1063,2/24/22,4:29:00 AM,0.47879,103
DATA,1064,2/24/22,4:30:00 AM,0.47955,103
DATA,1065,2/24/22,4:31:00 AM,0.47899,106
DATA,1066,2/24/22,4:32:00 AM,0.47632,96
DATA,1067,2/24/22,4:33:00 AM,0.47865,100
DATA,1068,2/24/22,4:34:00 AM,0.47449,103
DATA,1069,2/24/22,4:35:00 AM,0.47844,107
DATA,1070,2/24/22,4:36:00 AM,0.47889,102
DATA,1071,2/24/22,4:37:00 AM,0.47861,97
DATA,1072,2/24/22,4:38:00 AM,0.47834,102
DATA,1073,2/24/22,4:39:00 AM,0.47931,105
DATA,1074,2/24/22,4:40:00 AM,0.47605,99
DATA,1075,2/24/22,4:41:00 AM,0.47761,98
DATA,1076,2/24/22,4:42:00 AM,0.47806,103
DATA,1077,2/24/22,4:43:00 AM,0.47691,92
DATA,1078,2/24/22,4:44:00 AM,0.47632,91
DATA,1079,2/24/22,4:45:00 AM,0.47674,102
DATA,1080,2/24/22,4:46:00 AM,0.47379,100
DATA,1081,2/24/22,4:47:00 AM,0.47619,93
DATA,1082,2/24/22,4:48:00 AM,0.47875,102
DATA,1083,2/24/22,4:49:00 AM,0.47712,97
DATA,1084,2/24/22,4:50:00 AM,0.47792,101
DATA,1085,2/24/22,4:51:00 AM,0.47775,98
DATA,1086,2/24/22,4:52:00 AM,0.4767,96
DATA,1087,2/24/22,4:53:00 AM,0.47674,105
DATA,1088,2/24/22,4:54:00 AM,0.47345,95
DATA,1089,2/24/22,4:55:00 AM,0.47761,102
DATA,1090,2/24/22,4:56:00 AM,0.47823,97
DATA,1091,2/24/22,4:57:00 AM,0.4758,93
DATA,1092,2/24/22,4:58:00 AM,0.47782,102
DATA,1093,2/24/22,4:59:00 AM,0.47688,112
DATA,1094,2/24/22,5:00:00 AM,0.47709,110
DATA,1095,2/24/22,5:01:00 AM,0.47632,87
DATA,1096,2/24/22,5:02:00 AM,0.47438,96
DATA,1097,2/24/22,5:03:00 AM,0.47858,107
DATA,1098,2/24/22,5:04:00 AM,0.47733,95
DATA,1099,2/24/22,5:05:00 AM,0.47657,105
DATA,1100,2/24/22,5:06:00 AM,0.47331,81
DATA,1101,2/24/22,5:07:00 AM,0.47376,86
DATA,1102,2/24/22,5:08:00 AM,0.47417,86
DATA,1103,2/24/22,5:09:00 AM,0.4766,91
DATA,1104,2/24/22,5:10:00 AM,0.47677,104
DATA,1105,2/24/22,5:11:00 AM,0.47365,85
DATA,1106,2/24/22,5:12:00 AM,0.47365,90
DATA,1107,2/24/22,5:13:00 AM,0.47795,102
DATA,1108,2/24/22,5:14:00 AM,0.47782,94
DATA,1109,2/24/22,5:15:00 AM,0.47837,100
DATA,1110,2/24/22,5:16:00 AM,0.47698,100
DATA,1111,2/24/22,5:17:00 AM,0.47688,104
DATA,1112,2/24/22,5:18:00 AM,0.47442,79
DATA,1113,2/24/22,5:19:00 AM,0.47553,87
DATA,1114,2/24/22,5:20:00 AM,0.47445,92
DATA,1115,2/24/22,5:21:00 AM,0.47584,83
DATA,1116,2/24/22,5:22:00 AM,0.47619,87
DATA,1117,2/24/22,5:23:00 AM,0.47636,91
DATA,1118,2/24/22,5:24:00 AM,0.47622,90
DATA,1119,2/24/22,5:25:00 AM,0.47619,92
DATA,1120,2/24/22,5:26:00 AM,0.47577,91
DATA,1121,2/24/22,5:27:00 AM,0.47286,93
DATA,1122,2/24/22,5:28:00 AM,0.47619,89
DATA,1123,2/24/22,5:29:00 AM,0.47258,93
DATA,1124,2/24/22,5:30:00 AM,0.47362,94
DATA,1125,2/24/22,5:31:00 AM,0.47636,94
DATA,1126,2/24/22,5:32:00 AM,0.47657,93
DATA,1127,2/24/22,5:33:00 AM,0.47612,88
DATA,1128,2/24/22,5:34:00 AM,0.47691,100
DATA,1129,2/24/22,5:35:00 AM,0.47702,89
DATA,1130,2/24/22,5:36:00 AM,0.47716,90
DATA,1131,2/24/22,5:37:00 AM,0.47691,97
DATA,1132,2/24/22,5:38:00 AM,0.47782,103
DATA,1133,2/24/22,5:39:00 AM,0.47386,99
DATA,1134,2/24/22,5:40:00 AM,0.4775,99
DATA,1135,2/24/22,5:41:00 AM,0.47695,102
DATA,1136,2/24/22,5:42:00 AM,0.47542,89
DATA,1137,2/24/22,5:43:00 AM,0.47615,95
DATA,1138,2/24/22,5:44:00 AM,0.47546,103
DATA,1139,2/24/22,5:45:00 AM,0.47577,112
DATA,1140,2/24/22,5:46:00 AM,0.47785,100
DATA,1141,2/24/22,5:47:00 AM,0.47469,104
DATA,1142,2/24/22,5:48:00 AM,0.47737,107
DATA,1143,2/24/22,5:49:00 AM,0.47664,101
DATA,1144,2/24/22,5:50:00 AM,0.47698,113
DATA,1145,2/24/22,5:51:00 AM,0.47386,103
DATA,1146,2/24/22,5:52:00 AM,0.474,95
DATA,1147,2/24/22,5:53:00 AM,0.47608,92
DATA,1148,2/24/22,5:54:00 AM,0.4758,96
DATA,1149,2/24/22,5:55:00 AM,0.47293,102
DATA,1150,2/24/22,5:56:00 AM,0.47601,82
DATA,1151,2/24/22,5:57:00 AM,0.47601,86
DATA,1152,2/24/22,5:58:00 AM,0.47764,101
DATA,1153,2/24/22,5:59:00 AM,0.47747,107
DATA,1154,2/24/22,6:00:00 AM,4.7813,49
DATA,1155,2/24/22,6:01:00 AM,13.382,34
DATA,1156,2/24/22,6:02:00 AM,22.92,37
DATA,1157,2/24/22,6:03:00 AM,30.524,32
DATA,1158,2/24/22,6:04:00 AM,39.019,45
DATA,1159,2/24/22,6:05:00 AM,46.078,52
DATA,1160,2/24/22,6:06:00 AM,54.833,46
DATA,1161,2/24/22,6:07:00 AM,62.398,47
DATA,1162,2/24/22,6:08:00 AM,70.687,52
DATA,1163,2/24/22,6:09:00 AM,79.022,49
DATA,1164,2/24/22,6:10:00 AM,86.969,63
DATA,1165,2/24/22,6:11:00 AM,94.535,47
DATA,1166,2/24/22,6:12:00 AM,103.11,32
DATA,1167,2/24/22,6:13:00 AM,109.91,50
DATA,1168,2/24/22,6:14:00 AM,120.02,31
DATA,1169,2/24/22,6:15:00 AM,133.54,47
DATA,1170,2/24/22,6:16:00 AM,151.71,42
DATA,1171,2/24/22,6:17:00 AM,169.73,49
DATA,1172,2/24/22,6:18:00 AM,184.73,51
DATA,1173,2/24/22,6:19:00 AM,204.07,46
DATA,1174,2/24/22,6:20:00 AM,220.01,34
DATA,1175,2/24/22,6:21:00 AM,239,38
DATA,1176,2/24/22,6:22:00 AM,257.2,45
DATA,1177,2/24/22,6:23:00 AM,272.57,57
DATA,1178,2/24/22,6:24:00 AM,290.32,45
DATA,1179,2/24/22,6:25:00 AM,306.04,47
DATA,1180,2/24/22,6:26:00 AM,321.58,49
DATA,1181,2/24/22,6:27:00 AM,339.83,43
DATA,1182,2/24/22,6:28:00 AM,354.72,43
DATA,1183,2/24/22,6:29:00 AM,374.1,41
DATA,1184,2/24/22,6:30:00 AM,389.75,63
DATA,1185,2/24/22,6:31:00 AM,407.5,34
DATA,1186,2/24/22,6:32:00 AM,424.98,50
DATA,1187,2/24/22,6:33:00 AM,442.26,46
DATA,1188,2/24/22,6:34:00 AM,461.49,48
DATA,1189,2/24/22,6:35:00 AM,477.14,52
DATA,1190,2/24/22,6:36:00 AM,494.83,53
DATA,1191,2/24/22,6:37:00 AM,512.09,46
DATA,1192,2/24/22,6:38:00 AM,527.09,48
DATA,1193,2/24/22,6:39:00 AM,543.77,56
DATA,1194,2/24/22,6:40:00 AM,558.67,66
DATA,1195,2/24/22,6:41:00 AM,575.51,45
DATA,1196,2/24/22,6:42:00 AM,592.19,53
DATA,1197,2/24/22,6:43:00 AM,608.74,57
DATA,1198,2/24/22,6:44:00 AM,627.87,67
DATA,1199,2/24/22,6:45:00 AM,640.64,52
DATA,1200,2/24/22,6:46:00 AM,657.52,44
DATA,1201,2/24/22,6:47:00 AM,672.41,44
DATA,1202,2/24/22,6:48:00 AM,690.23,40
DATA,1203,2/24/22,6:49:00 AM,704.44,44
DATA,1204,2/24/22,6:50:00 AM,718.5,51
DATA,1205,2/24/22,6:51:00 AM,734.01,41
DATA,1206,2/24/22,6:52:00 AM,749.45,51
DATA,1207,2/24/22,6:53:00 AM,765.65,55
DATA,1208,2/24/22,6:54:00 AM,780.56,57
DATA,1209,2/24/22,6:55:00 AM,797.79,66
DATA,1210,2/24/22,6:56:00 AM,810.39,44
DATA,1211,2/24/22,6:57:00 AM,825.67,56
DATA,1212,2/24/22,6:58:00 AM,838.73,62
DATA,1213,2/24/22,6:59:00 AM,854.24,52
DATA,1214,2/24/22,7:00:00 AM,868.6,62
DATA,1215,2/24/22,7:01:00 AM,881.83,52
DATA,1216,2/24/22,7:02:00 AM,900.39,32
DATA,1217,2/24/22,7:03:00 AM,923.15,36
DATA,1218,2/24/22,7:04:00 AM,944.04,42
DATA,1219,2/24/22,7:05:00 AM,960.63,50
DATA,1220,2/24/22,7:06:00 AM,976.71,43
DATA,1221,2/24/22,7:07:00 AM,990.85,49
DATA,1222,2/24/22,7:08:00 AM,1006.2,32
DATA,1223,2/24/22,7:09:00 AM,1022.5,28
DATA,1224,2/24/22,7:10:00 AM,1040.7,35
DATA,1225,2/24/22,7:11:00 AM,1052.4,31
DATA,1226,2/24/22,7:12:00 AM,1068.1,40
DATA,1227,2/24/22,7:13:00 AM,1085.6,40
DATA,1228,2/24/22,7:14:00 AM,1097.1,43
DATA,1229,2/24/22,7:15:00 AM,1113,36
DATA,1230,2/24/22,7:16:00 AM,1127.1,29
DATA,1231,2/24/22,7:17:00 AM,1141.5,34
DATA,1232,2/24/22,7:18:00 AM,1155.4,42
DATA,1233,2/24/22,7:19:00 AM,1170.7,47
DATA,1234,2/24/22,7:20:00 AM,1185.3,45
DATA,1235,2/24/22,7:21:00 AM,1198.2,44
DATA,1236,2/24/22,7:22:00 AM,1213,35
DATA,1237,2/24/22,7:23:00 AM,1227.8,44
DATA,1238,2/24/22,7:24:00 AM,1240,36
DATA,1239,2/24/22,7:25:00 AM,1255.1,48
DATA,1240,2/24/22,7:26:00 AM,1268.7,53
DATA,1241,2/24/22,7:27:00 AM,1282.5,43
DATA,1242,2/24/22,7:28:00 AM,1298.6,56
DATA,1243,2/24/22,7:29:00 AM,1311,41
DATA,1244,2/24/22,7:30:00 AM,1326.7,50
DATA,1245,2/24/22,7:31:00 AM,1338.4,46
DATA,1246,2/24/22,7:32:00 AM,1352.1,44
DATA,1247,2/24/22,7:33:00 AM,1366.8,52
DATA,1248,2/24/22,7:34:00 AM,1379.4,56
DATA,1249,2/24/22,7:35:00 AM,1393.8,61
DATA,1250,2/24/22,7:36:00 AM,1403.4,45
DATA,1251,2/24/22,7:37:00 AM,1420.1,28
DATA,1252,2/24/22,7:38:00 AM,1431.9,43
DATA,1253,2/24/22,7:39:00 AM,1447.7,53
DATA,1254,2/24/22,7:40:00 AM,1458.8,52
DATA,1255,2/24/22,7:41:00 AM,1473.3,40
DATA,1256,2/24/22,7:42:00 AM,1487.6,52
DATA,1257,2/24/22,7:43:00 AM,1498.7,60
DATA,1258,2/24/22,7:44:00 AM,1512.1,37
DATA,1259,2/24/22,7:45:00 AM,1528,48
DATA,1260,2/24/22,7:46:00 AM,1539,46
DATA,1261,2/24/22,7:47:00 AM,1549.5,48
DATA,1262,2/24/22,7:48:00 AM,1564.2,47
DATA,1263,2/24/22,7:49:00 AM,1573.7,57
DATA,1264,2/24/22,7:50:00 AM,1590.8,61
DATA,1265,2/24/22,7:51:00 AM,1601.8,41
DATA,1266,2/24/22,7:52:00 AM,1616.7,51
DATA,1267,2/24/22,7:53:00 AM,1628,52
DATA,1268,2/24/22,7:54:00 AM,1640,42
DATA,1269,2/24/22,7:55:00 AM,1652.7,65
DATA,1270,2/24/22,7:56:00 AM,1664.5,62
DATA,1271,2/24/22,7:57:00 AM,1678.5,72
DATA,1272,2/24/22,7:58:00 AM,1688.8,71
DATA,1273,2/24/22,7:59:00 AM,1693.5,69
DATA,1274,2/24/22,8:00:00 AM,1712.4,65
DATA,1275,2/24/22,8:01:00 AM,1724.6,52
DATA,1276,2/24/22,8:02:00 AM,1738.7,63
DATA,1277,2/24/22,8:03:00 AM,1749.1,64
DATA,1278,2/24/22,8:04:00 AM,1762,63
DATA,1279,2/24/22,8:05:00 AM,1773.2,63
DATA,1280,2/24/22,8:06:00 AM,1785.1,60
DATA,1281,2/24/22,8:07:00 AM,1797,67
DATA,1282,2/24/22,8:08:00 AM,1808.6,62
DATA,1283,2/24/22,8:09:00 AM,1820.6,61
DATA,1284,2/24/22,8:10:00 AM,1832.5,68
DATA,1285,2/24/22,8:11:00 AM,1844.1,63
DATA,1286,2/24/22,8:12:00 AM,1857,53
DATA,1287,2/24/22,8:13:00 AM,1866.8,66
DATA,1288,2/24/22,8:14:00 AM,1877.5,69
DATA,1289,2/24/22,8:15:00 AM,1889.8,71
DATA,1290,2/24/22,8:16:00 AM,1900.2,45
DATA,1291,2/24/22,8:17:00 AM,1910,49
DATA,1292,2/24/22,8:18:00 AM,1921.6,62
DATA,1293,2/24/22,8:19:00 AM,1931.2,55
DATA,1294,2/24/22,8:20:00 AM,1943.4,65
DATA,1295,2/24/22,8:21:00 AM,1955.4,64
DATA,1296,2/24/22,8:22:00 AM,1967.4,62
DATA,1297,2/24/22,8:23:00 AM,1977.5,69
DATA,1298,2/24/22,8:24:00 AM,1988.6,77
DATA,1299,2/24/22,8:25:00 AM,1999.4,82
DATA,1300,2/24/22,8:26:00 AM,2010.8,39
DATA,1301,2/24/22,8:27:00 AM,2019.7,52
DATA,1302,2/24/22,8:28:00 AM,2032.1,46
DATA,1303,2/24/22,8:29:00 AM,2041.3,44
DATA,1304,2/24/22,8:30:00 AM,2052.6,53
DATA,1305,2/24/22,8:31:00 AM,2064.3,49
DATA,1306,2/24/22,8:32:00 AM,2074.4,56
DATA,1307,2/24/22,8:33:00 AM,2082.6,53
DATA,1308,2/24/22,8:34:00 AM,2094.6,61
DATA,1309,2/24/22,8:35:00 AM,2105,53
DATA,1310,2/24/22,8:36:00 AM,2114.4,44
DATA,1311,2/24/22,8:37:00 AM,2125.7,54
DATA,1312,2/24/22,8:38:00 AM,2132.2,51
DATA,1313,2/24/22,8:39:00 AM,2143.8,64
DATA,1314,2/24/22,8:40:00 AM,2155.7,62
DATA,1315,2/24/22,8:41:00 AM,2168.3,58
DATA,1316,2/24/22,8:42:00 AM,2176.5,64
DATA,1317,2/24/22,8:43:00 AM,2189.5,64
DATA,1318,2/24/22,8:44:00 AM,2201,49
DATA,1319,2/24/22,8:45:00 AM,2210.9,63
DATA,1320,2/24/22,8:46:00 AM,2223.7,60
DATA,1321,2/24/22,8:47:00 AM,2231.6,45
DATA,1322,2/24/22,8:48:00 AM,2243.7,54
DATA,1323,2/24/22,8:49:00 AM,2252.2,54
DATA,1324,2/24/22,8:50:00 AM,2264.9,60
DATA,1325,2/24/22,8:51:00 AM,2274.2,50
DATA,1326,2/24/22,8:52:00 AM,2285.3,58
DATA,1327,2/24/22,8:53:00 AM,2295.3,55
DATA,1328,2/24/22,8:54:00 AM,2306.1,51
DATA,1329,2/24/22,8:55:00 AM,2316.1,56
DATA,1330,2/24/22,8:56:00 AM,2326,52
DATA,1331,2/24/22,8:57:00 AM,2333.4,50
DATA,1332,2/24/22,8:58:00 AM,2345.5,59
DATA,1333,2/24/22,8:59:00 AM,2356.5,66
DATA,1334,2/24/22,9:00:00 AM,2365.3,60
DATA,1335,2/24/22,9:01:00 AM,2378.3,55
DATA,1336,2/24/22,9:02:00 AM,2384.4,58
DATA,1337,2/24/22,9:03:00 AM,2397.8,70
DATA,1338,2/24/22,9:04:00 AM,2405.8,56
DATA,1339,2/24/22,9:05:00 AM,2414.1,54
DATA,1340,2/24/22,9:06:00 AM,2425.9,60
DATA,1341,2/24/22,9:07:00 AM,2432.4,49
DATA,1342,2/24/22,9:08:00 AM,2444.5,58
DATA,1343,2/24/22,9:09:00 AM,2453.1,59
DATA,1344,2/24/22,9:10:00 AM,2463.3,67
DATA,1345,2/24/22,9:11:00 AM,2472.9,59
DATA,1346,2/24/22,9:12:00 AM,2481.7,62
DATA,1347,2/24/22,9:13:00 AM,2491.6,67
DATA,1348,2/24/22,9:14:00 AM,2500,48
DATA,1349,2/24/22,9:15:00 AM,2510,54
DATA,1350,2/24/22,9:16:00 AM,2519,59
DATA,1351,2/24/22,9:17:00 AM,2527.6,69
DATA,1352,2/24/22,9:18:00 AM,2537.8,68
DATA,1353,2/24/22,9:19:00 AM,2547,65
DATA,1354,2/24/22,9:20:00 AM,2556.1,71
DATA,1355,2/24/22,9:21:00 AM,2564.1,48
DATA,1356,2/24/22,9:22:00 AM,2571.6,56
DATA,1357,2/24/22,9:23:00 AM,2580.8,63
DATA,1358,2/24/22,9:24:00 AM,2588,68
DATA,1359,2/24/22,9:25:00 AM,2596.6,69
DATA,1360,2/24/22,9:26:00 AM,2604.7,55
DATA,1361,2/24/22,9:27:00 AM,2612,51
DATA,1362,2/24/22,9:28:00 AM,2620.4,50
DATA,1363,2/24/22,9:29:00 AM,2626.7,64
DATA,1364,2/24/22,9:30:00 AM,2635.5,67
DATA,1365,2/24/22,9:31:00 AM,2643.4,61
DATA,1366,2/24/22,9:32:00 AM,2652.4,57
DATA,1367,2/24/22,9:33:00 AM,2659.9,74
DATA,1368,2/24/22,9:34:00 AM,2667.5,74
DATA,1369,2/24/22,9:35:00 AM,2675.8,71
DATA,1370,2/24/22,9:36:00 AM,2682.2,59
DATA,1371,2/24/22,9:37:00 AM,2689.7,76
DATA,1372,2/24/22,9:38:00 AM,2698,74
DATA,1373,2/24/22,9:39:00 AM,2703.7,64
DATA,1374,2/24/22,9:40:00 AM,2713,63
DATA,1375,2/24/22,9:41:00 AM,2719.7,72
DATA,1376,2/24/22,9:42:00 AM,2726.9,68
DATA,1377,2/24/22,9:43:00 AM,2733.7,68
DATA,1378,2/24/22,9:44:00 AM,2741.1,66
DATA,1379,2/24/22,9:45:00 AM,2748.8,85
DATA,1380,2/24/22,9:46:00 AM,2755.1,63
DATA,1381,2/24/22,9:47:00 AM,2757.8,77
DATA,1382,2/24/22,9:48:00 AM,2769.8,85
DATA,1383,2/24/22,9:49:00 AM,2774,69
DATA,1384,2/24/22,9:50:00 AM,2782.1,74
DATA,1385,2/24/22,9:51:00 AM,2788.4,78
DATA,1386,2/24/22,9:52:00 AM,2795.9,86
DATA,1387,2/24/22,9:53:00 AM,2803.9,72
DATA,1388,2/24/22,9:54:00 AM,2809.5,79
DATA,1389,2/24/22,9:55:00 AM,2816.4,81
DATA,1390,2/24/22,9:56:00 AM,2822.8,51
DATA,1391,2/24/22,9:57:00 AM,2826.2,54
DATA,1392,2/24/22,9:58:00 AM,2834.3,59
DATA,1393,2/24/22,9:59:00 AM,2842.6,65
DATA,1394,2/24/22,10:00:00 AM,2844.3,60
DATA,1395,2/24/22,10:01:00 AM,2844,39
DATA,1396,2/24/22,10:02:00 AM,2842.8,50
DATA,1397,2/24/22,10:03:00 AM,2843.1,40
DATA,1398,2/24/22,10:04:00 AM,2842.6,49
DATA,1399,2/24/22,10:05:00 AM,2842.9,57
DATA,1400,2/24/22,10:06:00 AM,2843.7,34
DATA,1401,2/24/22,10:07:00 AM,2841.9,38
DATA,1402,2/24/22,10:08:00 AM,2841,34
DATA,1403,2/24/22,10:09:00 AM,2842.9,49
DATA,1404,2/24/22,10:10:00 AM,2843.6,43
DATA,1405,2/24/22,10:11:00 AM,2842,32
DATA,1406,2/24/22,10:12:00 AM,2841,36
DATA,1407,2/24/22,10:13:00 AM,2842.6,39
DATA,1408,2/24/22,10:14:00 AM,2842.6,44
DATA,1409,2/24/22,10:15:00 AM,2841.3,44
DATA,1410,2/24/22,10:16:00 AM,2842.5,43
DATA,1411,2/24/22,10:17:00 AM,2842.2,36
DATA,1412,2/24/22,10:18:00 AM,2842.3,42
DATA,1413,2/24/22,10:19:00 AM,2842.2,46
DATA,1414,2/24/22,10:20:00 AM,2841.9,48
DATA,1415,2/24/22,10:21:00 AM,2841,35
DATA,1416,2/24/22,10:22:00 AM,2842.6,47
DATA,1417,2/24/22,10:23:00 AM,2844.1,48
DATA,1418,2/24/22,10:24:00 AM,2842.1,42
DATA,1419,2/24/22,10:25:00 AM,2842.9,55
DATA,1420,2/24/22,10:26:00 AM,2843.2,45
DATA,1421,2/24/22,10:27:00 AM,2843,39
DATA,1422,2/24/22,10:28:00 AM,2841.3,45
DATA,1423,2/24/22,10:29:00 AM,2842.5,53
DATA,1424,2/24/22,10:30:00 AM,2842.6,59
DATA,1425,2/24/22,10:31:00 AM,2843.5,37
DATA,1426,2/24/22,10:32:00 AM,2843.6,42
DATA,1427,2/24/22,10:33:00 AM,2843.7,48